{"cameraMode":{"drawMode":0,"name":"Shaded","section":"Shading Mode"},"sceneLighting":false,"audioPlay":false,"sceneViewState":{"m_AlwaysRefresh":false,"showFog":true,"showSkybox":false,"showFlares":true,"showImageEffects":true,"showParticleSystems":true,"showVisualEffectGraphs":true,"m_FxEnabled":true},"in2DMode":false,"pivot":{"x":-0.4862455129623413,"y":-0.023129940032958986,"z":0.5728613138198853},"rotation":{"x":0.13044272363185883,"y":0.6373592615127564,"z":-0.11065208166837692,"w":0.7513465881347656},"size":2.5980796813964845,"orthographic":true}