{"cameraMode":{"drawMode":0,"name":"Shaded","section":"Shading Mode"},"sceneLighting":false,"audioPlay":false,"sceneViewState":{"m_AlwaysRefresh":false,"showFog":true,"showSkybox":false,"showFlares":true,"showImageEffects":true,"showParticleSystems":true,"showVisualEffectGraphs":true,"m_FxEnabled":true},"in2DMode":false,"pivot":{"x":300.46954345703127,"y":697.8356323242188,"z":3.4546895027160646},"rotation":{"x":-0.03359060734510422,"y":-0.017989162355661393,"z":-0.0006064180633984506,"w":0.9992765188217163},"size":402.50885009765627,"orthographic":true}