{"cameraMode":{"drawMode":0,"name":"Shaded","section":"Shading Mode"},"sceneLighting":false,"audioPlay":false,"sceneViewState":{"m_AlwaysRefresh":false,"showFog":true,"showSkybox":false,"showFlares":true,"showImageEffects":true,"showParticleSystems":true,"showVisualEffectGraphs":true,"m_FxEnabled":true},"in2DMode":false,"pivot":{"x":0.09654521942138672,"y":1.0308678150177003,"z":-0.10131287574768067},"rotation":{"x":0.13923130929470063,"y":-0.09934413433074951,"z":0.014039073139429093,"w":0.9851669669151306},"size":2.264699935913086,"orthographic":true}