{"cameraMode":{"drawMode":0,"name":"Shaded","section":"Shading Mode"},"sceneLighting":false,"audioPlay":false,"sceneViewState":{"showFog":true,"showMaterialUpdate":false,"showSkybox":false,"showFlares":true,"showImageEffects":true,"showParticleSystems":true},"in2DMode":false,"pivot":{"x":0.954918384552002,"y":-22.78647232055664,"z":-41.330955505371097},"rotation":{"x":0.03263183310627937,"y":0.9488809108734131,"z":-0.2960180938243866,"w":0.1046048030257225},"size":36.697837829589847,"orthographic":false}