{"cameraMode":{"drawMode":0,"name":"Shaded","section":"Shading Mode"},"sceneLighting":false,"audioPlay":false,"sceneViewState":{"showFog":true,"showMaterialUpdate":false,"showSkybox":false,"showFlares":true,"showImageEffects":true,"showParticleSystems":true},"in2DMode":false,"pivot":{"x":5.960464477539063e-8,"y":-1.0,"z":-1.1920928955078126e-7},"rotation":{"x":0.23351770639419557,"y":-0.07430001348257065,"z":0.017898764461278917,"w":0.9693453907966614},"size":0.8660284876823425,"orthographic":false}