{"cameraMode":{"drawMode":0,"name":"Shaded","section":"Shading Mode"},"sceneLighting":false,"audioPlay":false,"sceneViewState":{"m_AlwaysRefresh":false,"showFog":true,"showSkybox":false,"showFlares":true,"showImageEffects":true,"showParticleSystems":true,"showVisualEffectGraphs":true,"m_FxEnabled":true},"in2DMode":false,"pivot":{"x":-4.421597480773926,"y":9.275074005126954,"z":-1.1377296447753907},"rotation":{"x":0.042648203670978549,"y":-0.10471125692129135,"z":0.004501075483858585,"w":0.9935826063156128},"size":12.12435531616211,"orthographic":true}