{"cameraMode":{"drawMode":0,"name":"Shaded","section":"Shading Mode"},"sceneLighting":false,"audioPlay":false,"sceneViewState":{"m_AlwaysRefresh":false,"showFog":true,"showSkybox":false,"showFlares":true,"showImageEffects":true,"showParticleSystems":true,"showVisualEffectGraphs":true,"m_FxEnabled":true},"in2DMode":false,"pivot":{"x":0.09654521942138672,"y":1.0308678150177003,"z":-0.10131287574768067},"rotation":{"x":0.0002235475112684071,"y":-0.9990978240966797,"z":0.005393289495259523,"w":0.04228340461850166},"size":3.2206311225891115,"orthographic":true}